3500,Streetname
3501,Streetname
3502,Streetname
3503,Streetname - Assembly
3596,Streetname - Assembly
3599,Streetname - Assembly
3600,Streetname - Internally Illuminated
3601,Streetname - Internally Illuminated
3602,Streetname - Internally Illuminated
3603,Streetname - Internally Illuminated
3604,Streetname - Assembly
3605,Streetname - Assembly
3687,Streetname
3688,Streetname - Assembly
3689,Streetname
3690,Streetname - Assembly
3692,Streetname - Internally Illuminated
3693,Streetname - Assembly
3694,Streetname - Assembly
3698,Streetname
3699,Streetname - Assembly
3701,Streetname
3702,Streetname - Assembly
3703,Streetname - Mast Arm
3705,Streetname - Assembly
3706,Streetname - Assembly
3746,Streetname - Assembly
3825,Streetname - Assembly
3826,Streetname - Assembly
3827,Streetname - Assembly
3828,Streetname - Assembly
3829,Streetname - Assembly
3830,Streetname - Assembly
3831,Streetname - Assembly
3832,Streetname - Assembly
3833,Streetname - Assembly
3834,Streetname - Assembly
3835,Streetname - Assembly
3939,Streetname - Mast Arm
3940,Streetname - Mast Arm
3941,Streetname - Mast Arm
3942,Streetname - Mast Arm
3943,Streetname - Internally Illuminated
3944,Streetname - Internally Illuminated
3945,Streetname - Internally Illuminated
3946,Streetname - Internally Illuminated
3947,Streetname - Mast Arm
3948,Streetname - Mast Arm
3949,Streetname - Internally Illuminated
3950,Streetname - Internally Illuminated
3951,Streetname - Internally Illuminated
3952,Streetname - Internally Illuminated
3953,Streetname - Mast Arm
3954,Streetname - Mast Arm
3955,Streetname - Mast Arm
3956,Streetname - Mast Arm
3957,Streetname - Mast Arm
3958,Streetname - Mast Arm
3959,Streetname - Mast Arm
3960,Streetname - Mast Arm
3961,Streetname - Mast Arm
3962,Streetname - Assembly
3963,Streetname - Assembly
3964,Streetname - Assembly
3965,Streetname - Assembly
3966,Streetname - Assembly
3967,Streetname - Assembly
3968,Streetname - Assembly
3969,Streetname - Assembly
3970,Streetname - Assembly
3971,Streetname - Assembly
3972,Streetname - Assembly
3973,Streetname - Assembly
3988,Streetname - Assembly
3991,Streetname - Private
3992,Streetname - Private
3993,Streetname - Private
3994,Streetname - Private
3995,Streetname - Assembly
3996,Streetname - Private
3997,Streetname - Internally Illuminated
3998,Streetname - Internally Illuminated
3999,Streetname - Internally Illuminated
4000,Streetname - Internally Illuminated
4001,Streetname
4022,Streetname - Assembly
4037,Streetname - Assembly
4038,Streetname
4039,Streetname - Assembly
4040,Streetname - Mast Arm
4041,Streetname - Mast Arm
4042,Streetname - Mast Arm
4043,Streetname - Mast Arm
4050,Streetname
4057,Streetname
4095,Streetname
4189,Streetname - Assembly
4190,Streetname - Assembly
4191,Streetname - Assembly
4192,Streetname - Assembly
4193,Streetname - Mast Arm
4194,Streetname - Mast Arm
4195,Streetname - Mast Arm
4196,Streetname
4197,Streetname
4198,Streetname
4199,Streetname
4200,Streetname
4201,Streetname - Private
4202,Streetname - Mast Arm
4203,Streetname - Mast Arm
4204,Streetname - Mast Arm
4205,Streetname - Assembly
4206,Streetname - Assembly
4207,Streetname - Internally Illuminated
4208,Streetname - Internally Illuminated
4209,Streetname - Internally Illuminated
4210,Streetname
4211,Streetname
4212,Streetname
4213,Streetname
4214,Streetname
4215,Streetname
4216,Streetname
4217,Streetname
4218,Streetname
4219,Streetname
4220,Streetname
4221,Streetname - Mast Arm
4222,Streetname - Assembly
4282,Streetname
4283,Streetname
4284,Streetname
4285,Streetname
4286,Streetname
4287,Streetname
4288,Streetname
4289,Streetname
4290,Streetname
4291,Streetname
4292,Streetname
4293,Streetname
4294,Streetname
4295,Streetname
4296,Streetname
4297,Streetname
4298,Streetname
4299,Streetname
4300,Streetname
4301,Streetname
4302,Streetname
4303,Streetname
4304,Streetname
4305,Streetname
4342,Streetname
4343,Streetname
4476,Streetname
4477,Streetname
4478,Streetname
4479,Streetname
4480,Streetname - Honorary
4481,Streetname
4482,Streetname
4483,Streetname
4484,Streetname
4485,Streetname
4486,Streetname
4488,Streetname
4489,Streetname
4490,Streetname
4491,Streetname
4492,Streetname
4493,Streetname
4494,Streetname
4495,Streetname
4496,Streetname
4497,Streetname - Assembly
4498,Streetname
4499,Streetname
4502,Streetname
4503,Streetname
4504,Streetname
4505,Streetname
4506,Streetname
4507,Streetname
4508,Streetname
4509,Streetname
4510,Streetname
4511,Streetname
4512,Streetname
4513,Streetname
4514,Streetname
4515,Streetname
4516,Streetname
4517,Streetname
4518,Streetname
4519,Streetname
4520,Streetname
4521,Streetname
4522,Streetname
4523,Streetname
4524,Streetname
4525,Streetname
4526,Streetname
4528,Streetname
4529,Streetname
4530,Streetname
4531,Streetname
4532,Streetname
4533,Streetname - Honorary
4534,Streetname
4535,Streetname
4536,Streetname
4537,Streetname
4538,Streetname
4539,Streetname
4540,Streetname
4541,Streetname
4668,Streetname
4669,Streetname
4670,Streetname
4672,Streetname
4673,Streetname
4676,Streetname
4677,Streetname - Internally Illuminated
4678,Streetname - Internally Illuminated
4679,Streetname - Internally Illuminated
4680,Streetname - Internally Illuminated
4681,Streetname - Assembly
4683,Streetname - Honorary
4684,Streetname - Honorary
4685,Streetname
4686,Streetname
4793,Streetname
4794,Streetname
4795,Streetname
4796,Streetname
4797,Streetname
4798,Streetname
4799,Streetname
4800,Streetname
4801,Streetname
4802,Streetname
4803,Streetname
4804,Streetname
4805,Streetname
4806,Streetname
4807,Streetname
4808,Streetname
4809,Streetname
4810,Streetname
4811,Streetname
4812,Streetname
4813,Streetname
4814,Streetname
4815,Streetname
4816,Streetname
4817,Streetname
4818,Streetname
4819,Streetname
4820,Streetname
4821,Streetname
4822,Streetname
4823,Streetname
4824,Streetname
4825,Streetname
4826,Streetname
4827,Streetname
4828,Streetname
4829,Streetname
4830,Streetname
4831,Streetname
4832,Streetname
4833,Streetname
4834,Streetname
4835,Streetname
4836,Streetname
4837,Streetname
4838,Streetname
4839,Streetname
4840,Streetname
4841,Streetname
4842,Streetname
4843,Streetname
4844,Streetname
4845,Streetname
4846,Streetname
4847,Streetname
4848,Streetname
4849,Streetname
4850,Streetname
4851,Streetname
4852,Streetname
4853,Streetname
4854,Streetname
4855,Streetname
4856,Streetname
4857,Streetname
4858,Streetname
4859,Streetname
4860,Streetname
4861,Streetname
4862,Streetname
4863,Streetname
4959,Streetname - Honorary
4960,Streetname - Honorary
4961,Streetname
4962,Streetname
4963,Streetname
4964,Streetname - Honorary
4965,Streetname
4966,Streetname - Honorary
4967,Streetname
4968,Streetname
4969,Streetname
4970,Streetname
4971,Streetname - Internally Illuminated
4972,Streetname - Mast Arm
4973,Streetname - Private
4974,Streetname - Internally Illuminated
4975,Streetname
4976,Streetname - Internally Illuminated
4977,Streetname
5131,Streetname
5132,Streetname
5133,Streetname
5134,Streetname
5135,Streetname
5137,Streetname
5138,Streetname
5139,Streetname
5140,Streetname
5141,Streetname
5142,Streetname
5143,Streetname
5144,Streetname
5145,Streetname
5146,Streetname
5147,Streetname
5148,Streetname
5149,Streetname
5150,Streetname
5151,Streetname
5152,Streetname
5153,Streetname
5154,Streetname
5225,Streetname
5226,Streetname
5227,Streetname
5230,Streetname
5231,Streetname
5232,Streetname
5233,Streetname
5234,Streetname
5235,Streetname
5236,Streetname
5237,Streetname
5238,Streetname - Internally Illuminated
5239,Streetname - Internally Illuminated
5240,Streetname - Internally Illuminated
5241,Streetname - Internally Illuminated
5242,Streetname
5243,Streetname
5244,Streetname
5245,Streetname
5246,Streetname
5247,Streetname
5248,Streetname
5469,Streetname
5470,Streetname - Private
5471,Streetname
5472,Streetname - Private
5473,Streetname
5516,Streetname
5517,Streetname - Internally Illuminated
5518,Streetname - Internally Illuminated
5520,Streetname - Internally Illuminated
5521,Streetname - Internally Illuminated
5523,Streetname
5524,Streetname
5526,Streetname
5527,Streetname
5528,Streetname
5529,Streetname
5530,Streetname
5532,Streetname
5533,Streetname
5534,Streetname
5535,Streetname
5536,Streetname
5537,Streetname
5538,Streetname
5539,Streetname
5540,Streetname
5541,Streetname
5543,Streetname
5641,Streetname
5642,Streetname
5643,Streetname
5644,Streetname
5645,Streetname
5646,Streetname
5647,Streetname
5648,Streetname
5649,Streetname
5650,Streetname
5651,Streetname
5652,Streetname
5653,Streetname
5654,Streetname
5655,Streetname
5656,Streetname
5657,Streetname
5658,Streetname - Private
5659,Streetname
5660,Streetname
5661,Streetname
5662,Streetname
5663,Streetname
5664,Streetname
5665,Streetname
5666,Streetname
5667,Streetname
5668,Streetname
5669,Streetname
5670,Streetname
5671,Streetname
5672,Streetname
5673,Streetname
5674,Streetname
5675,Streetname
5676,Streetname
5677,Streetname
5678,Streetname
5679,Streetname
5680,Streetname
5681,Streetname
5682,Streetname
5683,Streetname
5684,Streetname
5685,Streetname
5686,Streetname
5687,Streetname
5688,Streetname
5689,Streetname
5690,Streetname
5691,Streetname
5692,Streetname
5693,Streetname
5694,Streetname
5695,Streetname
5696,Streetname
5697,Streetname
5698,Streetname
5699,Streetname
5700,Streetname
5701,Streetname
5702,Streetname
5704,Streetname
5706,Streetname
5707,Streetname
5709,Streetname
5710,Streetname
5711,Streetname
5712,Streetname
5713,Streetname
5714,Streetname
5715,Streetname
5716,Streetname
5717,Streetname
5718,Streetname
5719,Streetname
5902,Streetname
5903,Streetname
5904,Streetname
5905,Streetname
5906,Streetname
5907,Streetname
5908,Streetname - Honorary
5909,Streetname
5910,Streetname
5911,Streetname - Internally Illuminated
5912,Streetname - Internally Illuminated
5913,Streetname - Honorary
5914,Streetname - Internally Illuminated
5915,Streetname
5916,Streetname
5917,Streetname
5918,Streetname - Internally Illuminated
5919,Streetname - Internally Illuminated
5920,Streetname - Internally Illuminated
5921,Streetname - Internally Illuminated
5922,Streetname
5923,Streetname
5924,Streetname
5925,Streetname - Internally Illuminated
5926,Streetname - Internally Illuminated
5927,Streetname - Internally Illuminated
5928,Streetname - Internally Illuminated
5929,Streetname - Internally Illuminated
5930,Streetname - Internally Illuminated
5932,Streetname - Internally Illuminated
5933,Streetname - Internally Illuminated
5934,Streetname - Honorary
5935,Streetname
5936,Streetname
5937,Streetname
5938,Streetname
5939,Streetname - Private
5940,Streetname
5941,Streetname
5942,Streetname
5943,Streetname
5944,Streetname
5945,Streetname
5946,Streetname - Internally Illuminated
5947,Streetname - Internally Illuminated
5948,Streetname
5949,Streetname
5950,Streetname
5951,Streetname
5952,Streetname - Honorary
6085,Streetname
6086,Streetname
6087,Streetname
6088,Streetname
6089,Streetname
6090,Streetname
6091,Streetname
6092,Streetname
6093,Streetname
6094,Streetname
6095,Streetname
6096,Streetname
6097,Streetname
6098,Streetname
6099,Streetname
6100,Streetname
6101,Streetname
6102,Streetname
6103,Streetname
6104,Streetname
6105,Streetname - Internally Illuminated
6106,Streetname - Internally Illuminated
6107,Streetname
6108,Streetname
6109,Streetname
6110,Streetname
6111,Streetname
6112,Streetname
6113,Streetname
6114,Streetname
6115,Streetname
6116,Streetname
6117,Streetname
6118,Streetname
6119,Streetname
6120,Streetname
6121,Streetname
6122,Streetname
6123,Streetname
6339,Streetname - Campustown
6340,Streetname - Campustown
6364,Streetname
6365,Streetname
6366,Streetname
6367,Streetname
6368,Streetname
6369,Streetname
6370,Streetname
6371,Streetname
6372,Streetname
6373,Streetname
6374,Streetname
6375,Streetname
6452,Streetname
6453,Streetname
6454,Streetname
6455,Streetname
6456,Streetname
6457,Streetname
6458,Streetname - Private
6459,Streetname
6460,Streetname
6461,Streetname
6462,Streetname
6463,Streetname
6464,Streetname - Internally Illuminated
6465,Streetname - Honorary
6466,Streetname - Internally Illuminated
6467,Streetname - Honorary
6468,Streetname - Internally Illuminated
6469,Streetname - Internally Illuminated
6612,Streetname
6613,Streetname
6614,Streetname
6615,Streetname
6616,Streetname - Honorary
6617,Streetname
6618,Streetname
6619,Streetname - Honorary
6620,Streetname
6621,Streetname - Honorary
6622,Streetname
6623,Streetname - Honorary
6624,Streetname
6625,Streetname - Honorary
6626,Streetname
6627,Streetname
6628,Streetname
6629,Streetname
6630,Streetname - Honorary
6631,Streetname - Honorary
6632,Streetname - Honorary
6633,Streetname
6634,Streetname
6635,Streetname
6636,Streetname
6637,Streetname
6638,Streetname
6639,Streetname
6640,Streetname
6641,Streetname
6642,Streetname
6643,Streetname - Honorary
6644,Streetname - Honorary
6645,Streetname
6646,Streetname
6647,Streetname - Honorary
6648,Streetname
6649,Streetname
6650,Streetname - Honorary
6651,Streetname
6652,Streetname
6653,Streetname
6654,Streetname
6655,Streetname
6656,Streetname
6657,Streetname
6658,Streetname
6659,Streetname
6660,Streetname
6661,Streetname
6663,Streetname
6664,Streetname
6665,Streetname - Honorary
6666,Streetname
6667,Streetname
6668,Streetname
6669,Streetname - Honorary
6947,Streetname
6948,Streetname
6949,Streetname
6950,Streetname
6951,Streetname - Internally Illuminated
6952,Streetname - Internally Illuminated
6953,Streetname
6954,Streetname
6955,Streetname
6956,Streetname
6957,Streetname - Internally Illuminated
6958,Streetname - Private
6959,Streetname
6960,Streetname
6961,Streetname
6962,Streetname
6963,Streetname
6964,Streetname
6965,Streetname
6966,Streetname
6967,Streetname
6968,Streetname
7106,Streetname
7107,Streetname - Honorary
7108,Streetname
7109,Streetname
7110,Streetname
7111,Streetname - Honorary
7112,Streetname
7113,Streetname
7114,Streetname
7115,Streetname
7116,Streetname
7191,Streetname
7192,Streetname
7193,Streetname
7194,Streetname
7195,Streetname
7196,Streetname
7197,Streetname
7198,Streetname
7199,Streetname
7200,Streetname
7201,Streetname
7202,Streetname
7214,Streetname
7215,Streetname
7216,Streetname
7217,Streetname
7218,Streetname
7219,Streetname
7220,Streetname
7221,Streetname
7222,Streetname
7223,Streetname
7224,Streetname
7225,Streetname
7226,Streetname
7558,Streetname
7586,Streetname - Internally Illuminated
7587,Streetname - Internally Illuminated
7588,Streetname - Internally Illuminated
7589,Streetname - Internally Illuminated
7602,Streetname - Private
7603,Streetname
7604,Streetname
7605,Streetname
7606,Streetname
7607,Streetname
7608,Streetname
7609,Streetname
7634,Streetname
7856,Streetname - Vertical
7946,Streetname - Vertical
7947,Streetname - Vertical
7949,Streetname - Vertical
7950,Streetname - Vertical
8044,Streetname - Campustown
8045,Streetname - Campustown
8046,Streetname - Campustown
8047,Streetname - Campustown
8048,Streetname - Campustown
8049,Streetname
8050,Streetname
8051,Streetname
8052,Streetname
8153,Streetname - Campustown
8154,Streetname
8155,Streetname - Vertical
8156,Streetname - Vertical
8224,Streetname - Downtown
8225,Streetname - Downtown
8226,Streetname - Downtown
8227,Streetname - Downtown
8229,Streetname - Honorary
8230,Streetname - Downtown
8293,Streetname - Downtown
8294,Streetname - Honorary
8295,Streetname - Honorary
8296,Streetname - Downtown
8297,Streetname - Internally Illuminated
8298,Streetname - Internally Illuminated
8299,Streetname - Assembly
8300,Streetname
8301,Streetname
8302,Streetname
8303,Streetname
8305,Streetname
8306,Streetname
8307,Streetname - Internally Illuminated
8308,Streetname - Internally Illuminated
8587,Streetname - Sesquicentennial
8588,Streetname - Sesquicentennial
8589,Streetname - Sesquicentennial
8590,Streetname
8591,Streetname
8592,Streetname
8593,Streetname
8594,Streetname - Honorary
8595,Streetname
8596,Streetname
8597,Streetname
8598,Streetname - Honorary
8599,Streetname
8600,Streetname
8716,Streetname - Internally Illuminated
8717,Streetname - Vertical
8740,Streetname - Vertical
8741,Streetname - Vertical
8742,Streetname - Campustown
8771,Streetname
8772,Streetname
8773,Streetname
8774,Streetname
8775,Streetname
8776,Streetname
8777,Streetname
8778,Streetname
8779,Streetname
8780,Streetname
8781,Streetname
8782,Streetname
8783,Streetname
8784,Streetname
8785,Streetname
8787,Streetname - Vertical
8788,Streetname - Campustown
8789,Streetname - Campustown
8790,Streetname
8792,Streetname - Internally Illuminated
8793,Streetname - Campustown
8794,Streetname - Internally Illuminated
8795,Streetname - Internally Illuminated
8796,Streetname - Campustown
8797,Streetname - Internally Illuminated
8798,Streetname - Internally Illuminated
8799,Streetname - Internally Illuminated
8800,Streetname - Internally Illuminated
8801,Streetname - Internally Illuminated
8802,Streetname
8803,Streetname
8804,Streetname - Campustown
8805,Streetname - Vertical
8806,Streetname - Internally Illuminated
8994,Streetname - Internally Illuminated
9109,Streetname - Downtown
9110,Streetname - Downtown
9111,Streetname - Internally Illuminated
9112,Streetname - Downtown
9113,Streetname - Downtown
9114,Streetname - Downtown
9115,Streetname
9116,Streetname - Honorary
9117,Streetname - Downtown
9118,Streetname - Honorary
9119,Streetname - Downtown
9120,Streetname
9121,Streetname - Internally Illuminated
9163,Streetname - Internally Illuminated
9164,Streetname - Internally Illuminated
9165,Streetname - Internally Illuminated
9166,Streetname - Internally Illuminated
9167,Streetname - Internally Illuminated
9168,Streetname - Internally Illuminated
9169,Streetname - Internally Illuminated
9170,Streetname - Internally Illuminated
9171,Streetname - Internally Illuminated
9172,Streetname - Internally Illuminated
9173,Streetname - Internally Illuminated
9174,Streetname - Honorary
9209,Streetname - Downtown
9211,Streetname
9212,Streetname
9213,Streetname
9214,Streetname
9215,Streetname
9317,Streetname - Honorary
9318,Streetname
9319,Streetname
9320,Streetname
9321,Streetname - Assembly
9322,Streetname - Assembly
9323,Streetname - Assembly
9324,Streetname - Private
9325,Streetname - Private
9326,Streetname - Private
9327,Streetname - Private
9328,Streetname - Private
9329,Streetname
9330,Streetname
9331,Streetname
9332,Streetname
9333,Streetname
9334,Streetname
9335,Streetname - Sesquicentennial
9336,Streetname
9337,Streetname
9338,Streetname
9347,Streetname
9348,Streetname
9349,Streetname
9350,Streetname
9351,Streetname
9352,Streetname
9365,Streetname - Internally Illuminated
9366,Streetname - Campustown
9447,Streetname - Private
9463,Streetname
9465,Streetname - Private
9466,Streetname
9467,Streetname
9468,Streetname - Mast Arm
9492,Streetname
9515,Streetname
9516,Streetname - Honorary
9590,Streetname
9591,Streetname
9592,Streetname - Honorary
9593,Streetname
9594,Streetname
9595,Streetname
9596,Streetname
9597,Streetname
9757,Streetname - Campustown
9758,Streetname - Internally Illuminated
9848,Streetname - Campustown
9849,Streetname - Campustown
9850,Streetname
9851,Streetname
9852,Streetname - Internally Illuminated
9890,Streetname
9891,Streetname
9892,Streetname
9893,Streetname
9894,Streetname - Honorary
9895,Streetname
9896,Streetname
9972,Streetname - Campustown
9973,Streetname
9974,Streetname
9976,Streetname - Vertical
9977,Streetname - Internally Illuminated
9978,Streetname - Campustown
9979,Streetname - Campustown
9980,Streetname - Vertical
9981,Streetname - Internally Illuminated
10004,Streetname - Downtown
10006,Streetname
10007,Streetname
10008,Streetname
10009,Streetname
10010,Streetname
10011,Streetname
10013,Streetname - Assembly
10014,Streetname - Assembly
10016,Streetname
10017,Streetname
10045,Streetname - Campustown
10047,Streetname - Campustown
10048,Streetname - Campustown
10049,Streetname
10050,Streetname
10059,Streetname - Downtown
10060,Streetname - Assembly
10061,Streetname - Assembly
10062,Streetname
10063,Streetname - Assembly
10064,Streetname
10065,Streetname - Assembly
10066,Streetname
10067,Streetname
10068,Streetname
10069,Streetname
10235,Streetname - Private
10236,Streetname
10237,Streetname
2,Streetname - Mast Arm
8,Streetname - Sesquicentennial
9,Streetname - Sesquicentennial
28,Streetname
45,Streetname
46,Streetname
49,Streetname
50,Streetname
51,Streetname
52,Streetname
53,Streetname
54,Streetname
55,Streetname
56,Streetname
57,Streetname
58,Streetname
59,Streetname
61,Streetname
62,Streetname
63,Streetname
64,Streetname
65,Streetname
66,Streetname
67,Streetname
68,Streetname
69,Streetname
70,Streetname
71,Streetname
72,Streetname
73,Streetname
74,Streetname
75,Streetname
76,Streetname
77,Streetname
78,Streetname
79,Streetname
80,Streetname
81,Streetname
82,Streetname
83,Streetname
84,Streetname
85,Streetname
86,Streetname
87,Streetname
88,Streetname
89,Streetname
120,Streetname
121,Streetname
122,Streetname
123,Streetname
124,Streetname
125,Streetname
126,Streetname
127,Streetname
128,Streetname
129,Streetname
130,Streetname
131,Streetname
132,Streetname
133,Streetname
134,Streetname
135,Streetname
136,Streetname
137,Streetname
138,Streetname
139,Streetname
140,Streetname
141,Streetname
142,Streetname
143,Streetname
144,Streetname
145,Streetname
146,Streetname
147,Streetname
148,Streetname
149,Streetname
159,Streetname
160,Streetname
162,Streetname
191,Streetname
192,Streetname
193,Streetname
194,Streetname
195,Streetname
196,Streetname
197,Streetname
198,Streetname
199,Streetname
200,Streetname
201,Streetname
202,Streetname
203,Streetname
204,Streetname
205,Streetname
206,Streetname
207,Streetname
208,Streetname
209,Streetname
210,Streetname
211,Streetname
212,Streetname
213,Streetname
214,Streetname
215,Streetname
216,Streetname - Honorary
217,Streetname
218,Streetname
219,Streetname
220,Streetname
221,Streetname
222,Streetname
223,Streetname
224,Streetname
225,Streetname
226,Streetname
227,Streetname
228,Streetname
229,Streetname
230,Streetname
231,Streetname
232,Streetname
233,Streetname
234,Streetname
235,Streetname
236,Streetname
237,Streetname
238,Streetname
239,Streetname
240,Streetname
241,Streetname
254,Streetname
255,Streetname
256,Streetname
257,Streetname
258,Streetname
259,Streetname
260,Streetname
261,Streetname
315,Streetname
316,Streetname - Private
317,Streetname
318,Streetname
319,Streetname
320,Streetname
321,Streetname
322,Streetname
323,Streetname
324,Streetname
325,Streetname
326,Streetname
327,Streetname
328,Streetname
329,Streetname
330,Streetname
331,Streetname
332,Streetname
333,Streetname
334,Streetname
335,Streetname
336,Streetname
338,Streetname
339,Streetname
340,Streetname
341,Streetname
342,Streetname
343,Streetname
344,Streetname
345,Streetname
346,Streetname
347,Streetname
348,Streetname
349,Streetname
350,Streetname
351,Streetname
353,Streetname
354,Streetname
355,Streetname
356,Streetname
357,Streetname
358,Streetname
359,Streetname
360,Streetname
361,Streetname
362,Streetname
363,Streetname
364,Streetname
365,Streetname
366,Streetname
367,Streetname
368,Streetname - Private
369,Streetname - Private
370,Streetname
371,Streetname
372,Streetname - Private
373,Streetname
374,Streetname
375,Streetname
376,Streetname
377,Streetname
378,Streetname
379,Streetname
380,Streetname
402,Streetname
403,Streetname
404,Streetname
405,Streetname
406,Streetname
407,Streetname
408,Streetname
409,Streetname
410,Streetname
411,Streetname
412,Streetname
413,Streetname
414,Streetname
415,Streetname
416,Streetname
417,Streetname
418,Streetname
419,Streetname
420,Streetname
421,Streetname
422,Streetname
423,Streetname
424,Streetname
425,Streetname
426,Streetname
427,Streetname
428,Streetname
429,Streetname
430,Streetname
431,Streetname
432,Streetname
459,Streetname
460,Streetname
461,Streetname
462,Streetname
463,Streetname
464,Streetname
465,Streetname
466,Streetname
467,Streetname
468,Streetname
507,Streetname
508,Streetname
509,Streetname
510,Streetname
511,Streetname
512,Streetname
513,Streetname
514,Streetname
515,Streetname
516,Streetname
517,Streetname
518,Streetname
519,Streetname
520,Streetname
521,Streetname
522,Streetname
523,Streetname
524,Streetname
525,Streetname
526,Streetname
527,Streetname
528,Streetname
529,Streetname
530,Streetname
566,Streetname - Sesquicentennial
604,Streetname
605,Streetname
606,Streetname
607,Streetname
608,Streetname
609,Streetname
610,Streetname
611,Streetname
612,Streetname
613,Streetname
614,Streetname
615,Streetname
616,Streetname
617,Streetname
618,Streetname
619,Streetname
620,Streetname
621,Streetname
622,Streetname
623,Streetname
624,Streetname
625,Streetname
626,Streetname
627,Streetname
628,Streetname
629,Streetname
630,Streetname
631,Streetname
632,Streetname
633,Streetname
634,Streetname
635,Streetname
636,Streetname
637,Streetname
638,Streetname
639,Streetname
640,Streetname
641,Streetname
642,Streetname
643,Streetname
644,Streetname
645,Streetname
646,Streetname
647,Streetname
648,Streetname
649,Streetname
650,Streetname
651,Streetname
652,Streetname - Private
653,Streetname - Private
654,Streetname
655,Streetname
656,Streetname - Private
657,Streetname - Private
658,Streetname - Private
659,Streetname - Private
660,Streetname
661,Streetname
662,Streetname
663,Streetname
664,Streetname
666,Streetname
667,Streetname
668,Streetname
669,Streetname
670,Streetname
671,Streetname
672,Streetname
673,Streetname
674,Streetname
675,Streetname
676,Streetname
677,Streetname
678,Streetname
681,Streetname - Honorary
682,Streetname - Private
683,Streetname
684,Streetname
685,Streetname
686,Streetname
687,Streetname
688,Streetname
689,Streetname
690,Streetname
691,Streetname
692,Streetname
693,Streetname
694,Streetname
708,Streetname
709,Streetname
710,Streetname - Honorary
711,Streetname
712,Streetname
713,Streetname
714,Streetname
715,Streetname
716,Streetname
717,Streetname
718,Streetname
719,Streetname
776,Streetname - Private
826,Streetname - Honorary
827,Streetname
828,Streetname - Mast Arm
842,Streetname - Sesquicentennial
843,Streetname - Sesquicentennial
866,Stanley Weaver Memorial Highway
900,Streetname - Honorary
901,Streetname
902,Streetname
1021,Streetname - Honorary
1134,Streetname - Honorary
1149,Streetname
1162,Streetname
1163,Streetname - Honorary
1164,Streetname
1165,Streetname
1410,Streetname
1411,Streetname
1487,Streetname
1488,Streetname
1489,Streetname
1490,Streetname
1491,Streetname
1492,Streetname
1493,Streetname
1494,Streetname
1495,Streetname
1496,Streetname
1497,Streetname
1498,Streetname
1500,Streetname
1501,Streetname
1669,Streetname
1690,Streetname
1864,Streetname
1865,Streetname
1866,Streetname
1867,Streetname
1868,Streetname
1869,Streetname
1870,Streetname
1871,Streetname
1872,Streetname
1873,Streetname
1874,Streetname
1875,Streetname
1876,Streetname
1877,Streetname
1878,Streetname
1879,Streetname
1880,Streetname
1881,Streetname
1882,Streetname
1883,Streetname
1884,Streetname
1885,Streetname
1886,Streetname
1887,Streetname
1888,Streetname
1889,Streetname
1890,Streetname
1891,Streetname
1892,Streetname
1893,Streetname
1894,Streetname
1895,Streetname
1896,Streetname
1897,Streetname
1898,Streetname
1899,Streetname
1900,Streetname
1901,Streetname
1902,Streetname
1903,Streetname
1904,Streetname
1905,Streetname
1906,Streetname
1907,Streetname
1908,Streetname
1909,Streetname
1910,Streetname
1911,Streetname
1912,Streetname
1913,Streetname
1914,Streetname
1915,Streetname
1916,Streetname
1917,Streetname
1918,Streetname
1919,Streetname
1920,Streetname
1921,Streetname
1922,Streetname
1923,Streetname
1924,Streetname
1925,Streetname
1926,Streetname
1927,Streetname
1928,Streetname
1929,Streetname
1930,Streetname
1931,Streetname
1932,Streetname
1933,Streetname
1934,Streetname
1935,Streetname
1936,Streetname
1937,Streetname
1938,Streetname
1939,Streetname
1940,Streetname
1941,Streetname
1942,Streetname
1943,Streetname
1944,Streetname
1945,Streetname
1946,Streetname
1947,Streetname
1948,Streetname
1949,Streetname
1950,Streetname
1951,Streetname
1952,Streetname
1953,Streetname
1954,Streetname
1955,Streetname
1956,Streetname
1957,Streetname
1959,Streetname
1960,Streetname
1961,Streetname
1962,Streetname
1963,Streetname
1964,Streetname
1965,Streetname
1966,Streetname
1967,Streetname
1968,Streetname
1969,Streetname
1970,Streetname
1971,Streetname
1972,Streetname
1973,Streetname
1974,Streetname
1975,Streetname
1976,Streetname
1977,Streetname
1978,Streetname
1980,Streetname
1981,Streetname
1982,Streetname
1983,Streetname
1984,Streetname
1985,Streetname
1986,Streetname
1987,Streetname
1988,Streetname
1989,Streetname
1990,Streetname
1992,Streetname
1993,Streetname
1996,Streetname
1997,Streetname
1998,Streetname
1999,Streetname
2000,Streetname
2001,Streetname
2002,Streetname
2003,Streetname
2004,Streetname - Internally Illuminated
2005,Streetname
2006,Streetname
2007,Streetname
2008,Streetname
2009,Streetname
2010,Streetname
2011,Streetname
2012,Streetname
2013,Streetname
2014,Streetname
2015,Streetname
2016,Streetname
2017,Streetname
2018,Streetname
2019,Streetname
2020,Streetname
2021,Streetname
2022,Streetname
2026,Streetname
2027,Streetname
2028,Streetname - Internally Illuminated
2029,Streetname
2030,Streetname
2031,Streetname
2032,Streetname
2033,Streetname
2034,Streetname - Downtown
2035,Streetname
2036,Streetname
2037,Streetname
2038,Streetname
2039,Streetname
2040,Streetname
2041,Streetname
2042,Streetname
2043,Streetname
2044,Streetname
2045,Streetname
2046,Streetname
2047,Streetname
2048,Streetname
2049,Streetname
2050,Streetname
2051,Streetname
2053,Streetname
2054,Streetname
2055,Streetname
2056,Streetname
2057,Streetname
2058,Streetname
2059,Streetname
2060,Streetname
2061,Streetname
2062,Streetname
2063,Streetname
2064,Streetname
2067,Streetname
2068,Streetname
2069,Streetname
2070,Streetname
2071,Streetname
2072,Streetname - Downtown
2073,Streetname
2074,Streetname
2076,Streetname
2077,Streetname
2078,Streetname
2079,Streetname
2083,Streetname
2084,Streetname
2085,Streetname
2086,Streetname
2087,Streetname
2088,Streetname
2089,Streetname
2090,Streetname
2092,Streetname
2093,Streetname
2094,Streetname
2095,Streetname
2096,Streetname
2097,Streetname
2098,Streetname
2099,Streetname
2100,Streetname
2101,Streetname
2102,Streetname
2103,Streetname
2104,Streetname
2105,Streetname
2106,Streetname
2107,Streetname
2108,Streetname
2109,Streetname
2110,Streetname
2111,Streetname
2112,Streetname
2113,Streetname
2114,Streetname
2115,Streetname
2116,Streetname
2117,Streetname
2118,Streetname
2119,Streetname
2129,Streetname
2130,Streetname
2131,Streetname
2132,Streetname
2133,Streetname
2134,Streetname
2135,Streetname
2136,Streetname
2137,Streetname
2138,Streetname
2139,Streetname
2140,Streetname
2141,Streetname
2142,Streetname
2143,Streetname
2144,Streetname
2145,Streetname
2146,Streetname
2147,Streetname
2148,Streetname
2149,Streetname
2150,Streetname
2151,Streetname
2152,Streetname
2153,Streetname
2154,Streetname
2155,Streetname
2156,Streetname
2157,Streetname
2158,Streetname
2159,Streetname
2160,Streetname
2161,Streetname
2162,Streetname
2165,Streetname
2166,Streetname
2167,Streetname
2168,Streetname
2169,Streetname
2170,Streetname
2171,Streetname
2172,Streetname
2173,Streetname
2174,Streetname
2175,Streetname
2176,Streetname
2177,Streetname
2178,Streetname
2179,Streetname
2180,Streetname
2181,Streetname
2182,Streetname
2183,Streetname
2184,Streetname
2185,Streetname
2186,Streetname
2187,Streetname
2188,Streetname
2189,Streetname
2190,Streetname
2191,Streetname
2192,Streetname
2193,Streetname
2194,Streetname - Internally Illuminated
2195,Streetname
2196,Streetname
2197,Streetname
2198,Streetname
2199,Streetname
2200,Streetname
2201,Streetname
2202,Streetname
2203,Streetname
2204,Streetname
2205,Streetname
2206,Streetname
2207,Streetname
2208,Streetname
2209,Streetname
2210,Streetname
2211,Streetname
2212,Streetname
2213,Streetname
2214,Streetname
2215,Streetname
2216,Streetname
2217,Streetname
2218,Streetname
2219,Streetname
2222,Streetname
2223,Streetname
2224,Streetname
2225,Streetname
2226,Streetname
2227,Streetname
2228,Streetname
2229,Streetname
2230,Streetname
2231,Streetname
2232,Streetname
2233,Streetname
2234,Streetname
2235,Streetname
2236,Streetname
2237,Streetname
2238,Streetname - Sesquicentennial
2239,Streetname - Sesquicentennial
2240,Streetname - Sesquicentennial
2241,Streetname - Sesquicentennial
2242,Streetname
2243,Streetname
2244,Streetname
2245,Streetname
2246,Streetname
2247,Streetname
2248,Streetname
2249,Streetname
2250,Streetname - Sesquicentennial
2251,Streetname - Sesquicentennial
2252,Streetname - Sesquicentennial
2253,Streetname - Sesquicentennial
2254,Streetname - Sesquicentennial
2259,Streetname
2260,Streetname
2261,Streetname
2262,Streetname
2263,Streetname
2264,Streetname
2265,Streetname
2266,Streetname
2267,Streetname
2268,Streetname
2269,Streetname
2270,Streetname
2271,Streetname
2272,Streetname
2273,Streetname
2274,Streetname - Internally Illuminated
2275,Streetname
2279,Streetname
2280,Streetname
2281,Streetname
2282,Streetname
2283,Streetname
2286,Streetname
2287,Streetname
2288,Streetname
2289,Streetname
2290,Streetname
2291,Streetname
2292,Streetname
2293,Streetname
2294,Streetname
2295,Streetname
2296,Streetname
2297,Streetname
2298,Streetname
2299,Streetname
2300,Streetname
2301,Streetname
2302,Streetname
2303,Streetname
2304,Streetname
2305,Streetname
2306,Streetname
2307,Streetname
2308,Streetname
2309,Streetname
2310,Streetname
2311,Streetname
2312,Streetname
2313,Streetname
2314,Streetname
2315,Streetname
2316,Streetname
2317,Streetname
2318,Streetname
2319,Streetname
2320,Streetname
2321,Streetname
2322,Streetname
2323,Streetname
2324,Streetname
2325,Streetname
2326,Streetname
2327,Streetname - Internally Illuminated
2328,Streetname
2329,Streetname
2330,Streetname
2331,Streetname
2332,Streetname
2333,Streetname
2334,Streetname
2335,Streetname - Internally Illuminated
2338,Streetname
2339,Streetname
2340,Streetname
2341,Streetname
2342,Streetname
2343,Streetname
2344,Streetname
2345,Streetname
2346,Streetname
2347,Streetname
2348,Streetname
2446,Streetname
2517,Streetname
2552,Streetname
2553,Streetname - Private
2556,Streetname - Private
2557,Streetname
2558,Streetname - Assembly
2559,Streetname - Assembly
2560,Streetname - Private
2561,Streetname
2567,Streetname
2568,Streetname
2569,Streetname
2570,Streetname
2571,Streetname
2572,Streetname
2573,Streetname
2574,Streetname
2575,Streetname
2576,Streetname
2577,Streetname
2578,Streetname
2618,Streetname
2619,Streetname
2620,Streetname
2621,Streetname
2622,Streetname
2623,Streetname
2624,Streetname
2625,Streetname
2626,Streetname
2627,Streetname
2628,Streetname
2629,Streetname
2630,Streetname
2631,Streetname - Private
2632,Streetname - Private
2633,Streetname - Private
2634,Streetname - Private
2635,Streetname
2636,Streetname - Private
2637,Streetname
2638,Streetname
2639,Streetname
2640,Streetname
2641,Streetname
2642,Streetname
2643,Streetname
2644,Streetname
2645,Streetname
2646,Streetname
2647,Streetname
2648,Streetname
2649,Streetname
2650,Streetname
2651,Streetname
2652,Streetname
2653,Streetname
2654,Streetname
2655,Streetname
2656,Streetname
2657,Streetname
2659,Streetname
2660,Streetname
2661,Streetname
2662,Streetname
2663,Streetname
2664,Streetname
2665,Streetname
2666,Streetname
2667,Streetname
2668,Streetname
2669,Streetname
2670,Streetname
2671,Streetname
2672,Streetname
2673,Streetname
2674,Streetname
2675,Streetname
2676,Streetname
2677,Streetname
2678,Streetname
2679,Streetname
2767,Streetname
2774,Streetname
2775,Streetname
2776,Streetname
2777,Streetname
2778,Streetname
2779,Streetname
2780,Streetname - Honorary
2781,Streetname
2785,Streetname
2786,Streetname
2788,Streetname - Private
2789,Streetname - Private
2790,Streetname
2791,Streetname - Honorary
2792,Streetname
2793,Streetname
2794,Streetname
2795,Streetname
2796,Streetname
2797,Streetname
2798,Streetname
2799,Streetname
2800,Streetname
2801,Streetname
2802,Streetname
2803,Streetname
2804,Streetname
2805,Streetname
2806,Streetname
2807,Streetname
2809,Streetname
2810,Streetname
2811,Streetname
2812,Streetname
2813,Streetname
2814,Streetname
2815,Streetname
2816,Streetname
2817,Streetname - Private
2820,Streetname - Honorary
2870,Streetname
2871,Streetname
2872,Streetname
2873,Streetname
2874,Streetname
2875,Streetname
2876,Streetname
2877,Streetname - Private
2878,Streetname
2879,Streetname
2880,Streetname
2881,Streetname
2882,Streetname
2884,Streetname
2885,Streetname
2886,Streetname
2887,Streetname
2888,Streetname
2889,Streetname
2890,Streetname
2891,Streetname
2892,Streetname
2893,Streetname
2894,Streetname
2900,Streetname
2901,Streetname
2902,Streetname
2903,Streetname
2904,Streetname
2905,Streetname
2906,Streetname
2907,Streetname
2908,Streetname
2909,Streetname
2910,Streetname
2911,Streetname
2914,Streetname
2954,Streetname
2956,Streetname
2957,Streetname
2958,Streetname
2959,Streetname
2960,Streetname
2961,Streetname
2962,Streetname
2963,Streetname
2964,Streetname
2965,Streetname
2966,Streetname
2967,Streetname
2968,Streetname
2969,Streetname
2970,Streetname
3015,Streetname
3016,Streetname
3017,Streetname
3018,Streetname
3019,Streetname
3020,Streetname
3021,Streetname
3022,Streetname
3023,Streetname
3024,Streetname - Assembly
3025,Streetname - Assembly
3026,Streetname - Assembly
3027,Streetname - Assembly
3028,Streetname - Assembly
3030,Streetname - Assembly
3055,Streetname
3056,Streetname
3057,Streetname
3058,Streetname
3059,Streetname
3060,Streetname
3061,Streetname
3062,Streetname
3063,Streetname
3064,Streetname
3065,Streetname
3066,Streetname
3067,Streetname
3068,Streetname
3069,Streetname
3070,Streetname
3071,Streetname
3072,Streetname
3073,Streetname
3074,Streetname
3077,Streetname
3078,Streetname
3079,Streetname
3080,Streetname
3107,Streetname
3108,Streetname
3109,Streetname
3111,Streetname
3112,Streetname
3113,Streetname - Honorary
3114,Streetname - Assembly
3115,Streetname - Assembly
3116,Streetname - Assembly
3117,Streetname - Assembly
3118,Streetname - Assembly
3119,Streetname - Assembly
3120,Streetname - Assembly
3121,Streetname - Assembly
3122,Streetname - Assembly
3123,Streetname - Assembly
3124,Streetname - Private
3125,Streetname - Private
3128,Streetname - Assembly
3129,Streetname - Assembly
3130,Streetname - Private
3131,Streetname - Assembly
3134,Streetname
3182,Streetname
3183,Streetname
3184,Streetname
3185,Streetname
3186,Streetname
3187,Streetname
3188,Streetname
3189,Streetname
3190,Streetname
3191,Streetname
3192,Streetname
3193,Streetname
3194,Streetname
3195,Streetname
3196,Streetname
3198,Streetname
3199,Streetname
3200,Streetname
3201,Streetname
3202,Streetname
3203,Streetname
3204,Streetname
3205,Streetname
3206,Streetname
3218,Streetname
3219,Streetname
3220,Streetname - Assembly
3221,Streetname - Assembly
3222,Streetname - Assembly
3223,Streetname - Assembly
3224,Streetname - Assembly
3225,Streetname - Assembly
3226,Streetname
3230,Streetname - Honorary
3231,Streetname - Assembly
3232,Streetname - Assembly
3233,Streetname - Assembly
3241,Streetname - Assembly
3242,Streetname - Assembly
3243,Streetname - Assembly
3244,Streetname - Assembly
3252,Streetname
3253,Streetname
3254,Streetname
3255,Streetname
3256,Streetname
3257,Streetname
3287,Streetname
3288,Streetname
3289,Streetname
3290,Streetname
3291,Streetname
3292,Streetname
3293,Streetname
3294,Streetname
3296,Streetname
3308,Streetname
3309,Streetname
3310,Streetname
3311,Streetname
3312,Streetname
3313,Streetname
3314,Streetname
3315,Streetname
3316,Streetname
3317,Streetname
3318,Streetname
3319,Streetname
3320,Streetname
3321,Streetname
3322,Streetname
3323,Streetname
3324,Streetname
3325,Streetname
3326,Streetname
3327,Streetname
3328,Streetname
3329,Streetname
3330,Streetname
3331,Streetname
3332,Streetname
3333,Streetname
3334,Streetname
3335,Streetname
3354,Streetname
3355,Streetname
3356,Streetname
3391,Streetname
3392,Streetname
3393,Streetname
3394,Streetname
3395,Streetname
3396,Streetname
3397,Streetname
3398,Streetname
3399,Streetname
3400,Streetname
3401,Streetname
3402,Streetname
3403,Streetname
3404,Streetname
3405,Streetname
3406,Streetname
3407,Streetname
3408,Streetname
3409,Streetname
3410,Streetname
3411,Streetname
3412,Streetname
3413,Streetname
3414,Streetname
3415,Streetname
